City_ID,City,Lat,Lng,Max Temp,Humidity,Cloudiness,Wind Speed,Country,Date
0,yellowknife,62.456,-114.3525,-0.33,100,100,4.63,CA,1730068597
1,ushuaia,-54.8,-68.3,7.81,57,75,1.03,AR,1730068598
2,praia da vitoria,38.7333,-27.0667,18.14,77,75,3.6,PT,1730068599
3,kalmunai,7.4167,81.8167,26.24,84,49,0.48,LK,1730068600
4,blackmans bay,-43.0167,147.3167,12.07,62,13,1.79,AU,1730068601
5,khanpur,28.6453,70.6567,26.9,24,14,2.31,PK,1730068602
6,iskateley,67.6803,53.1512,-0.17,91,81,4.85,RU,1730068604
7,luganville,-15.5333,167.1667,26.78,83,100,4.46,VU,1730068605
8,puerto natales,-51.7236,-72.4875,7.25,81,100,9.77,CL,1730068606
9,moose jaw,50.4001,-105.5344,20.14,22,52,6.69,CA,1730068607
10,yerofey pavlovich,53.9667,121.9667,-6.89,84,70,0.64,RU,1730068608
11,grytviken,-54.2811,-36.5092,-1.89,79,63,1.14,GS,1730068609
12,luau,-10.7073,22.2247,19.09,81,36,1.82,AO,1730068610
13,longyearbyen,78.2186,15.6401,-0.09,100,75,0.51,SJ,1730068611
14,whitehorse,60.7161,-135.0538,-4.39,80,75,4.12,CA,1730068614
15,port-aux-francais,-49.35,70.2167,2.33,68,100,12.55,TF,1730068615
16,adamstown,-25.066,-130.1015,22.24,81,17,3.87,PN,1730068616
17,klaksvik,62.2266,-6.589,5.28,71,95,3.02,FO,1730068617
18,thompson,55.7435,-97.8558,-1.91,69,100,2.57,CA,1730068618
19,menongue,-14.6585,17.691,20.35,70,92,3.58,AO,1730068620
20,nar'yan-mar,67.6713,53.087,-0.16,91,82,4.91,RU,1730068621
21,ad dawadimi,24.5077,44.3924,20.64,45,78,4.43,SA,1730068622
22,callao,-12.0667,-77.15,19.16,72,0,6.69,PE,1730068623
23,garbahaarrey,3.3289,42.2209,26.71,70,100,5.73,SO,1730068624
24,chonchi,-42.6128,-73.8092,10.25,76,24,0.43,CL,1730068625
25,puerto ayora,-0.7393,-90.3518,20.86,95,85,3.13,EC,1730068626
26,rio preto da eva,-2.6994,-59.6997,31.25,40,99,0.65,BR,1730068627
27,bethel,41.3712,-73.414,9.47,40,44,0.45,US,1730068629
28,las heras,-46.5419,-68.9359,15.61,31,100,8.01,AR,1730068630
29,albany,42.6001,-73.9662,9.08,56,57,2.29,US,1730068631
30,margaret river,-33.95,115.0667,12.73,73,9,3.52,AU,1730068561
31,ilulissat,69.2167,-51.1,-11.99,52,4,0.51,GL,1730068633
32,vilyuysk,63.7553,121.6247,-14.84,91,99,2.56,RU,1730068634
33,tiksi,71.6872,128.8694,-15.34,95,100,1.81,RU,1730068635
34,west island,-12.1568,96.8225,25.99,83,20,5.14,CC,1730068637
35,skien,59.2075,9.6105,7.94,67,37,4.52,NO,1730068638
36,garden city,42.3256,-83.331,12.14,49,75,3.6,US,1730068422
37,port mathurin,-19.6833,63.4167,23.68,78,2,5.81,MU,1730068640
38,edinburgh of the seven seas,-37.0676,-12.3116,15.95,92,100,13.8,SH,1730068641
39,bathsheba,13.2167,-59.5167,29.34,70,20,5.14,BB,1730068642
40,tura,25.5198,90.2201,20.99,86,0,1.66,IN,1730068643
41,acajutla,13.5928,-89.8275,29.25,74,27,2.73,SV,1730068644
42,loreto,22.2667,-101.9667,21.03,30,0,6.55,MX,1730068646
43,iqaluit,63.7506,-68.5145,-7.15,85,75,5.66,CA,1730068648
44,udachny,66.4167,112.4,-20.02,100,94,1.76,RU,1730068649
45,waitangi,-43.9535,-176.5597,13.79,98,100,3.58,NZ,1730068650
46,nishinoomote,30.7333,131.0,24.87,83,61,4.37,JP,1730068651
47,pirallahi,40.4723,50.333,6.08,60,50,2.54,AZ,1730068652
48,san patricio,28.017,-97.5169,28.97,43,0,5.3,US,1730068654
49,cill airne,52.05,-9.5167,13.52,99,100,2.61,IE,1730068655
50,vorgashor,67.5833,63.95,-5.31,96,82,1.91,RU,1730068656
51,invercargill,-46.4,168.35,10.01,79,100,3.13,NZ,1730068657
52,cromer,52.9312,1.2989,11.0,71,100,6.71,GB,1730068658
53,lisala,2.15,21.5167,21.89,97,70,0.71,CD,1730068659
54,ust'-barguzin,53.45,108.9833,0.18,94,99,1.3,RU,1730068660
55,mantua,45.1667,10.7833,17.41,95,100,1.19,IT,1730068661
56,kingston,17.997,-76.7936,30.53,74,40,4.12,JM,1730068664
57,quellon,-43.1167,-73.6167,10.67,80,13,1.35,CL,1730068666
58,luena,-11.7833,19.9167,17.71,94,100,2.33,AO,1730068667
59,nova sintra,14.8667,-24.7167,26.38,76,98,6.92,CV,1730068669
60,williams lake,52.1415,-122.1445,12.81,44,75,7.2,CA,1730068585
61,mbaiki,3.8678,17.9892,20.99,95,99,1.3,CF,1730068671
62,chela,34.069,104.4619,1.83,90,87,0.76,CN,1730068672
63,bilibino,68.0546,166.4372,-10.69,90,100,1.81,RU,1730068673
64,puerto baquerizo moreno,-0.9,-89.6,22.55,78,75,4.12,EC,1730068674
65,ribeira grande,38.5167,-28.7,18.21,80,44,2.98,PT,1730068675
66,avarua,-21.2078,-159.775,25.03,69,75,8.75,CK,1730068676
67,hermanus,-34.4187,19.2345,16.0,89,96,8.78,ZA,1730068678
68,wailua homesteads,22.0669,-159.378,26.03,86,19,0.45,US,1730068679
69,port elizabeth,-33.918,25.5701,17.95,58,0,4.12,ZA,1730068680
70,fale old settlement,-9.3852,-171.2468,28.13,73,100,6.46,TK,1730068681
71,paradip garh,20.3167,86.6167,25.91,87,37,2.46,IN,1730068682
72,opuwo,-18.0607,13.84,17.13,31,0,2.48,NA,1730068683
73,port saint john's,-31.6229,29.5448,17.67,83,21,2.85,ZA,1730068684
74,aguililla,18.7333,-102.7333,26.4,68,0,1.21,MX,1730068685
75,east london,-33.0153,27.9116,17.75,43,4,4.42,ZA,1730068687
76,kabansk,52.0486,106.6528,2.09,77,100,1.29,RU,1730068688
77,altamont,42.2068,-121.7372,9.91,77,100,5.66,US,1730068689
78,sao francisco,-15.9486,-44.8644,24.8,75,95,0.89,BR,1730068690
79,port isabel,26.0734,-97.2086,29.02,67,0,5.14,US,1730068691
80,queenstown,-31.8976,26.8753,9.39,55,2,12.29,ZA,1730068692
81,tralee,52.2704,-9.7026,13.73,98,100,3.33,IE,1730068693
82,muscat,23.6139,58.5922,29.16,51,3,3.92,OM,1730068695
83,hawaiian paradise park,19.5933,-154.9731,27.16,80,100,2.57,US,1730068696
84,valderice,38.0401,12.6151,16.5,88,20,3.6,IT,1730068697
85,lijiang,26.8688,100.2207,11.27,98,99,0.8,CN,1730068700
86,flying fish cove,-10.4217,105.6791,24.82,83,100,3.6,CX,1730068701
87,anadyr,64.75,177.4833,-1.72,79,75,12.0,RU,1730068702
88,benjamin constant,-4.3831,-70.0311,25.03,88,75,2.57,BR,1730068704
89,mersing,2.4312,103.8405,24.95,88,20,2.57,MY,1730068705
90,papatowai,-46.5619,169.4708,9.18,79,94,4.38,NZ,1730068706
91,egilsstadir,65.2653,-14.3948,-2.05,80,75,1.54,IS,1730068707
92,yokadouma,3.5167,15.05,21.53,99,83,1.1,CM,1730068708
93,novodvinsk,64.4165,40.8122,1.86,95,46,3.14,RU,1730068450
94,vilyuchinsk,52.9306,158.4028,1.15,70,38,2.98,RU,1730068710
95,gamba,-2.65,10.0,25.04,89,100,4.5,GA,1730068711
96,olonkinbyen,70.9221,-8.7187,-5.3,82,100,21.76,SJ,1730068713
97,siwa oasis,29.2041,25.5195,19.76,59,0,3.4,EG,1730068714
98,bredasdorp,-34.5322,20.0403,15.78,86,100,11.42,ZA,1730068715
99,la passe,45.5549,-0.8967,13.63,89,0,2.5,FR,1730068716
100,celina,40.5489,-84.5702,12.1,40,1,2.04,US,1730068717
101,hadibu,12.65,54.0333,26.4,79,37,2.76,YE,1730068718
102,ha'il,27.5219,41.6907,17.01,100,0,3.09,SA,1730068719
103,buzim,45.0547,16.0319,12.2,88,28,1.35,BA,1730068721
104,naze,28.3667,129.4833,22.51,87,12,1.34,JP,1730068722
105,lamu,-2.2717,40.902,24.46,86,100,4.46,KE,1730068723
106,jawf al maqbabah,13.8378,45.8349,22.53,75,43,0.76,YE,1730068724
107,port blair,11.6667,92.75,26.77,82,45,2.58,IN,1730068725
108,kish,26.5578,54.0194,29.15,58,0,5.14,IR,1730068726
109,mandera,3.9366,41.867,28.5,62,93,2.22,KE,1730068727
110,lompoc,34.6391,-120.4579,18.96,75,75,7.6,US,1730068728
111,yarmouth,41.7057,-70.2286,10.57,50,0,3.09,US,1730068730
112,codrington,-38.2667,141.9667,13.81,60,64,5.68,AU,1730068731
113,salalah,17.0151,54.0924,26.05,83,0,1.03,OM,1730068732
114,taoudenni,22.6783,-3.9836,26.85,24,8,3.99,ML,1730068733
115,college,64.8569,-147.8028,-9.4,77,100,2.06,US,1730068734
116,zaozersk,69.4005,32.4476,5.15,89,100,8.16,RU,1730068735
117,kiruna,67.8557,20.2251,1.51,100,100,4.63,SE,1730068736
118,hacienda huancane,-15.8222,-70.8856,9.27,30,73,7.81,PE,1730068738
119,beau vallon,-20.4189,57.6953,23.13,94,20,0.0,MU,1730068739
120,coahuayana de hidalgo,18.7,-103.6583,30.3,64,0,1.98,MX,1730068740
121,gorontalo,0.5412,123.0595,26.76,74,47,0.13,ID,1730068741
122,eydhafushi,5.1033,73.0708,28.34,77,100,8.21,MV,1730068742
123,hasaki,35.7333,140.8333,19.63,91,100,6.98,JP,1730068743
124,dunedin,-45.8742,170.5036,12.67,69,94,1.34,NZ,1730068744
125,chachersk,52.9164,30.9179,7.73,66,83,1.35,BY,1730068745
126,tsiombe,-25.3,45.4833,23.71,87,87,4.43,MG,1730068747
127,port macquarie,-31.4333,152.9167,24.48,59,3,1.34,AU,1730068748
128,san juan nepomuceno,9.9516,-75.082,25.85,91,96,3.93,CO,1730068749
129,nouadhibou,20.931,-17.0347,20.99,68,51,9.77,MR,1730068750
130,al muwayh,22.4333,41.7583,26.42,41,95,6.23,SA,1730068751
131,fonte boa,-2.4959,-66.2662,23.3,99,100,2.35,BR,1730068752
132,usinsk,65.9939,57.5281,-1.79,91,26,2.92,RU,1730068753
133,rudsar,37.1376,50.288,12.0,91,92,1.98,IR,1730068754
134,kiunga,-6.1219,141.2906,24.44,95,96,0.29,PG,1730068756
135,happy valley-goose bay,53.3168,-60.3315,1.17,93,100,5.14,CA,1730068757
136,ta`u,-14.2336,-169.5144,26.81,82,36,7.25,AS,1730068758
137,hamilton,39.1834,-84.5333,14.44,46,0,1.34,US,1730068759
138,kruisfontein,-34.0033,24.7314,12.99,74,86,8.97,ZA,1730068760
139,sinop,41.7711,34.8709,8.7,72,0,2.9,TR,1730068761
140,kirakira,-10.4544,161.9205,27.18,83,100,2.98,SB,1730068762
141,swakopmund,-22.6833,14.5333,13.88,76,78,2.24,NA,1730068764
142,crane,31.3974,-102.3501,30.96,17,0,7.99,US,1730068766
143,mogadishu,2.0371,45.3438,25.61,84,83,4.64,SO,1730068767
144,fortuna,40.5982,-124.1573,18.29,63,100,3.6,US,1730068768
145,mazatlan,23.2167,-106.4167,32.98,78,0,4.12,MX,1730068562
146,sinabang,2.4803,96.3801,25.77,84,82,1.05,ID,1730068770
147,deqen,29.9618,90.7188,-0.53,26,0,1.16,CN,1730068771
148,kodiak,57.79,-152.4072,6.73,49,0,0.0,US,1730068773
149,nogliki,51.8333,143.1667,-0.22,59,11,2.13,RU,1730068774
150,sept-iles,50.2001,-66.3821,2.0,64,20,5.14,CA,1730068775
151,qaqortoq,60.7167,-46.0333,0.32,99,100,1.3,GL,1730068776
152,mount isa,-20.7333,139.5,29.87,12,4,3.09,AU,1730068777
153,constantia,44.1833,28.65,9.28,85,5,5.03,RO,1730068778
154,stanley,54.868,-1.6985,9.01,93,20,3.09,GB,1730068779
155,pul-e 'alam,33.9953,69.0227,12.51,34,9,2.46,AF,1730068780
156,st. john's,47.5649,-52.7093,6.2,80,75,9.26,CA,1730068782
157,mili,6.0815,171.735,28.77,74,86,3.33,MH,1730068783
158,lihue,21.9789,-159.3672,26.36,86,17,6.04,US,1730068573
159,zhanaozen,43.3,52.8,6.63,62,99,2.93,KZ,1730068785
160,lazaro cardenas,17.9583,-102.2,29.19,76,0,4.31,MX,1730068786
161,arraial do cabo,-22.9661,-42.0278,22.28,71,99,4.99,BR,1730068787
162,hami,42.8,93.45,10.18,41,0,4.23,CN,1730068790
163,sumbe,-11.2061,13.8437,24.37,84,47,3.25,AO,1730068791
164,petropavlovsk-kamchatsky,53.0452,158.6483,0.33,60,75,0.0,RU,1730068792
165,freetown,8.484,-13.2299,26.19,89,16,2.65,SL,1730068793
166,verkhnevilyuysk,63.4453,120.3167,-11.65,95,100,2.39,RU,1730068794
167,yakhroma,56.3,37.4833,6.63,92,100,2.17,RU,1730068795
168,zuunmod,47.7069,106.9528,-4.43,73,100,1.66,MN,1730068796
169,portland,45.5234,-122.6762,12.97,90,75,4.12,US,1730068267
170,talnakh,69.4865,88.3972,-12.65,95,100,5.19,RU,1730068799
171,cooma,-36.2333,149.1333,17.83,38,93,4.06,AU,1730068800
172,la libertad,-2.2333,-80.9,21.81,83,75,4.12,EC,1730068801
173,east end,34.5507,-92.341,22.11,77,32,1.64,US,1730068802
174,uturoa,-16.7333,-151.4333,25.2,73,70,6.17,PF,1730068803
175,sai buri,6.7013,101.6168,25.84,83,100,3.75,TH,1730068804
176,bogale,16.2833,95.4,23.67,92,75,2.84,MM,1730068807
177,vila franca do campo,37.7167,-25.4333,18.27,99,92,2.98,PT,1730068808
178,selfoss,63.9331,-20.9971,-3.86,74,75,3.53,IS,1730068809
179,dhari,21.3333,71.0167,23.74,64,67,2.79,IN,1730068810
180,thunder bay,48.4001,-89.3168,4.99,75,100,7.72,CA,1730068811
181,ketchikan,55.3422,-131.6461,8.99,87,100,3.6,US,1730068812
182,haiku-pauwela,20.9219,-156.3051,26.81,81,75,8.94,US,1730068813
183,hirado,33.3597,129.5531,19.42,70,99,8.18,JP,1730068814
184,kuta,-8.7233,115.1723,24.97,94,20,0.51,ID,1730068816
185,tolanaro,-25.0319,46.9987,25.04,88,40,9.26,MG,1730068817
186,brookings,44.3114,-96.7984,18.0,42,0,5.14,US,1730068747
187,morehead city,34.7229,-76.726,15.0,85,100,5.81,US,1730068819
188,rongelap,11.1635,166.8941,28.56,77,79,3.22,MH,1730068820
189,coquimbo,-29.9533,-71.3436,14.85,74,40,4.63,CL,1730068821
190,itaituba,-4.2761,-55.9836,30.05,32,79,1.41,BR,1730068822
191,utrik,11.2278,169.8474,28.59,76,97,3.66,MH,1730068825
192,lebu,-37.6167,-73.65,11.21,83,1,9.04,CL,1730068826
193,saudarkrokur,65.7461,-19.6394,-7.28,80,11,4.72,IS,1730068827
194,prince rupert,54.3161,-130.3201,9.05,81,100,1.03,CA,1730068765
195,sao jose da coroa grande,-8.8978,-35.1478,25.35,85,12,3.95,BR,1730068829
196,sisimiut,66.9395,-53.6735,-7.69,58,100,3.08,GL,1730068830
197,necochea,-38.5473,-58.7368,21.66,37,64,5.96,AR,1730068832
198,sao joao do paraiso,-15.3136,-42.0144,26.19,52,100,3.23,BR,1730068833
199,lubang,13.8584,120.124,28.16,77,55,4.82,PH,1730068834
200,mhamid,29.82,-5.72,21.55,30,55,2.09,MA,1730068835
201,mejit,10.2753,170.8646,28.63,75,8,4.37,MH,1730068836
202,balkanabat,39.5108,54.3671,10.58,58,0,1.66,TM,1730068837
203,magadan,59.5667,150.8,-8.33,48,79,3.53,RU,1730068838
204,mahina,-17.5065,-149.489,28.87,58,20,3.09,PF,1730068839
205,crucecita,-28.95,-58.9833,18.72,56,9,3.07,AR,1730068841
206,semiluki,51.6853,39.0279,6.25,93,75,0.0,RU,1730068842
207,dryden,49.7833,-92.7503,5.16,70,20,5.14,CA,1730068843
208,chokwe,-24.5333,32.9833,26.3,59,100,7.1,MZ,1730068844
209,talcahuano,-36.7167,-73.1167,17.82,59,0,7.2,CL,1730068845
210,cambria,35.5641,-121.0808,26.24,79,100,1.34,US,1730068847
211,daru,-9.0763,143.2092,25.55,92,100,1.76,PG,1730068849
212,mount gambier,-37.8333,140.7667,13.99,55,78,3.42,AU,1730068850
213,aasiaat,68.7098,-52.8699,-14.41,80,17,4.7,GL,1730068852
214,kerikeri,-35.2268,173.9474,17.98,49,87,4.37,NZ,1730068853
215,wamba,8.9333,8.6,23.13,55,13,1.7,NG,1730068854
216,geraldton,-28.7667,114.6,14.23,58,0,4.12,AU,1730068855
217,ormara,25.2088,64.6357,29.02,59,3,5.7,PK,1730068856
218,riohacha,11.5444,-72.9072,33.06,55,0,5.14,CO,1730068858
219,caleta de carquin,-11.0925,-77.6267,18.79,78,21,5.51,PE,1730068859
220,champerico,14.3,-91.9167,29.35,74,86,2.23,GT,1730068860
221,tucuma,-0.1833,-50.05,26.56,72,70,5.02,BR,1730068861
222,port alfred,-33.5906,26.891,17.6,47,14,7.08,ZA,1730068862
223,al jawf,29.5,38.75,17.66,72,0,5.22,SA,1730068863
224,nemuro,43.3236,145.575,13.11,85,100,6.01,JP,1730068864
225,punta del este,-34.9667,-54.95,19.06,80,0,4.92,UY,1730068866
226,sao miguel do tapuio,-5.5036,-41.3233,28.28,31,2,2.64,BR,1730068867
227,kavaratti,10.5669,72.642,27.61,72,94,1.82,IN,1730068868
228,cabo san lucas,22.8909,-109.9124,34.17,38,0,4.12,MX,1730068745
229,christchurch,-43.5333,172.6333,15.11,63,75,1.03,NZ,1730068372
230,broken hill,-31.95,141.4333,17.84,31,2,8.33,AU,1730068871
231,namtsy,62.7161,129.6658,-23.77,99,89,0.79,RU,1730068872
232,komsomolets,53.7453,62.0708,2.28,88,100,4.0,KZ,1730068873
233,fort st. john,56.2499,-120.8529,0.94,86,100,3.09,CA,1730068875
234,ambon,-3.6954,128.1814,30.58,100,96,3.58,ID,1730068876
235,kozani,40.3011,21.7864,7.38,61,17,2.06,GR,1730068881
236,feltre,46.0235,11.907,17.18,94,87,1.25,IT,1730068882
237,sambava,-14.2667,50.1667,22.3,94,46,2.48,MG,1730068883
238,taltal,-25.4,-70.4833,16.93,74,29,2.63,CL,1730068884
239,acapulco de juarez,16.8634,-99.8901,30.9,74,0,5.14,MX,1730068885
240,badger,64.8,-147.5333,-10.36,84,100,2.06,US,1730068886
241,san antonio de pale,-1.4014,5.6325,25.49,84,90,7.16,GQ,1730068887
242,nuku'alofa,-21.1333,-175.2,26.19,89,75,3.6,TO,1730068890
243,taounate,34.5,-4.8333,13.69,75,14,0.67,MA,1730068891
244,fuglafjordur,62.244,-6.814,4.27,74,96,2.44,FO,1730068892
245,chengde,40.9725,117.9361,4.95,61,0,0.93,CN,1730068894
246,wanning,18.8003,110.3967,24.69,92,100,3.54,CN,1730068895
247,klyuchi,52.2667,79.1667,5.82,69,100,3.91,RU,1730068897
248,piterka,50.6803,47.4454,6.53,73,100,2.65,RU,1730068898
249,hanover,52.3705,9.7332,10.44,98,14,1.54,DE,1730068899
250,antofagasta,-23.65,-70.4,16.6,83,20,2.71,CL,1730068900
251,malango,-2.9627,119.9001,21.74,79,9,0.26,ID,1730068901
252,usoke,-5.1667,32.35,18.88,88,50,1.57,TZ,1730068902
253,heniches'k,46.1759,34.8034,12.04,79,32,2.79,UA,1730068903
254,keflavik,64.0049,-22.5624,1.24,75,0,0.0,IS,1730068904
255,stephenville,32.2207,-98.2023,32.3,36,0,0.45,US,1730068906
256,devarkonda,16.7,78.9333,22.99,72,30,0.43,IN,1730068907
257,jayapura,-2.5333,140.7,26.66,74,64,2.53,ID,1730068908
258,pearsall,28.8922,-99.095,31.67,32,0,4.79,US,1730068909
259,yeraliyev,43.2,51.65,9.77,58,100,1.75,KZ,1730068910
260,puerto carreno,6.189,-67.4859,31.99,58,40,5.14,CO,1730068911
261,aiken,33.5835,-81.5998,16.99,76,100,4.12,US,1730068912
262,tecolotlan,20.2167,-104.05,26.86,30,0,3.03,MX,1730068914
263,lata,40.1629,-8.3327,8.47,86,31,2.26,PT,1730068915
264,kudahuvadhoo,2.6708,72.8944,28.16,70,94,7.04,MV,1730068916
265,oume,35.7839,139.2431,17.59,90,100,2.57,JP,1730068917
266,airuk,7.2772,168.8203,28.65,68,82,2.28,MH,1730068918
267,sitka,57.0531,-135.33,8.89,74,16,1.91,US,1730068919
268,tshabong,-26.05,22.45,9.29,46,27,4.69,BW,1730068920
269,dudinka,69.4058,86.1778,-11.1,94,100,7.66,RU,1730068921
270,shenjiamen,29.9576,122.298,18.59,78,100,7.81,CN,1730068923
271,flin flon,54.7682,-101.865,2.91,56,75,6.69,CA,1730068925
272,west wodonga,-36.1257,146.8486,20.97,100,59,2.43,AU,1730068926
273,dhaulpur,26.7,77.9,23.33,63,4,1.3,IN,1730068927
274,jamestown,42.097,-79.2353,8.8,61,0,3.6,US,1730068928
275,lorengau,-2.0226,147.2712,28.68,81,19,5.53,PG,1730068929
276,pacific grove,36.6177,-121.9166,20.23,87,40,3.6,US,1730068930
277,tazacorte,28.629,-17.9293,19.54,86,75,7.72,ES,1730068932
278,georgetown,5.4112,100.3354,25.96,93,20,1.54,MY,1730068933
279,zhezqazghan,47.7833,67.7667,4.2,82,100,8.43,KZ,1730068934
280,rabo de peixe,37.8,-25.5833,17.77,99,75,2.06,PT,1730068935
281,novyy urengoy,66.0833,76.6333,-4.49,97,100,3.0,RU,1730068936
282,belyy yar,53.6039,91.3903,5.94,75,0,2.0,RU,1730068937
283,erenhot,43.6475,111.9767,5.55,59,85,3.74,CN,1730068938
284,island harbour,50.724,-1.2758,12.79,75,95,2.24,GB,1730068940
285,gemena,3.25,19.7667,22.07,99,100,0.9,CD,1730068941
286,merizo village,13.2658,144.6691,26.32,93,97,4.8,GU,1730068942
287,as sulayyil,20.4607,45.5779,23.33,50,5,4.15,SA,1730068943
288,truth or consequences,33.1284,-107.2528,31.2,14,0,6.69,US,1730068944
289,amasra,41.7463,32.3863,12.72,72,0,2.16,TR,1730068945
290,qarazhal,48.0078,70.7903,3.8,93,96,10.15,KZ,1730068946
291,ulanhot,46.0833,122.0833,3.55,61,1,0.95,CN,1730068947
292,isafjordur,66.0755,-23.124,-4.56,67,18,4.22,IS,1730068949
293,viterbo,42.4167,12.0833,16.25,94,75,0.55,IT,1730068950
294,hagere selam,6.4833,38.5167,10.61,98,100,1.2,ET,1730068951
295,macapa,0.0389,-51.0664,29.99,66,20,5.66,BR,1730068952
296,wusong,30.95,117.7833,14.95,88,100,1.02,CN,1730068953
297,the dalles,45.5946,-121.1787,18.2,53,67,4.47,US,1730068954
298,lipetsk,52.6031,39.5708,6.19,79,98,2.17,RU,1730068955
299,yung shue wan,22.2333,114.1167,25.34,74,81,0.45,HK,1730068956
300,fort mcmurray,56.7268,-111.381,4.77,65,75,6.69,CA,1730068958
301,usogorsk,63.4106,48.6872,0.26,92,17,1.66,RU,1730068959
302,colonia,50.9333,6.95,15.07,91,100,1.54,DE,1730068960
303,sovetskiy,61.3614,63.5842,-0.19,86,100,1.91,RU,1730068961
304,deir ez-zor,35.3359,40.1408,17.44,22,0,2.39,SY,1730068962
305,alakurtti,66.9672,30.3491,5.9,94,100,4.11,RU,1730068963
306,robore,-18.3333,-59.75,22.89,90,100,0.57,BO,1730068964
307,jutai,-5.1833,-68.9,23.35,97,100,1.77,BR,1730068966
308,acarau,-2.8856,-40.12,25.67,81,5,7.44,BR,1730068967
309,enewetak,11.3474,162.3373,28.47,78,64,2.85,MH,1730068968
310,smithers,54.7804,-127.1743,4.18,100,100,2.06,CA,1730068802
311,altai,46.3722,96.2583,-1.05,66,2,1.49,MN,1730068970
312,yuzhno-kurilsk,44.0306,145.8556,12.03,93,100,5.24,RU,1730068972
313,sidi bennour,32.6524,-8.4277,15.14,74,0,3.62,MA,1730068974
314,marquette,46.5333,-87.6335,9.9,65,65,0.89,US,1730068975
315,gadzhiyevo,69.2551,33.3362,5.13,89,100,9.79,RU,1730068978
316,cockburn town,21.4612,-71.1419,27.98,94,75,7.72,TC,1730068979
317,la ronge,55.1001,-105.2842,5.14,65,75,8.23,CA,1730068980
318,ekibastuz,51.6667,75.3667,7.45,67,100,5.3,KZ,1730068981
319,olinda,-8.0089,-34.8553,26.85,78,75,3.6,BR,1730068983
320,kone,-21.0595,164.8658,28.45,51,40,1.88,NC,1730068984
321,sarangani,5.4033,125.4636,28.47,81,94,9.56,PH,1730068985
322,jieshi,22.8134,115.8257,22.62,80,76,4.32,CN,1730068986
323,touros,-5.1989,-35.4608,25.81,78,32,5.53,BR,1730068987
324,joutseno,61.118,28.5076,9.03,95,100,7.64,FI,1730068988
325,nuuk,64.1835,-51.7216,-1.66,74,100,2.06,GL,1730068989
326,saint-pierre,-21.3393,55.4781,23.82,73,0,1.54,RE,1730068757
327,viedma,-40.8135,-62.9967,19.2,38,92,4.03,AR,1730068992
328,ust-nera,64.5667,143.2,-21.32,99,90,1.54,RU,1730068993
329,puerto escondido,15.85,-97.0667,31.46,74,20,3.09,MX,1730068782
330,kolaras,25.2333,77.6,20.5,53,8,1.79,IN,1730068995
331,karasburg,-28.0167,18.75,5.2,75,15,6.04,NA,1730068996
332,kargil,34.5667,76.1,3.63,35,96,3.43,IN,1730068997
333,kalengwa,-13.4659,25.0027,16.98,90,91,2.38,ZM,1730068998
334,watford city,47.8022,-103.2832,21.92,23,100,4.12,US,1730068741
335,jijiga,9.35,42.8,18.89,55,91,2.82,ET,1730069001
336,port lincoln,-34.7333,135.8667,15.78,65,87,5.02,AU,1730069002
337,luderitz,-26.6481,15.1594,13.63,67,48,4.97,NA,1730069003
338,sechura,-5.5569,-80.8222,20.97,69,23,7.35,PE,1730069004
339,saipan,15.1355,145.701,27.39,94,75,4.12,MP,1730069005
340,yambio,4.5721,28.3955,20.3,97,34,0.92,SS,1730069006
341,grove,51.6095,-1.4219,11.05,88,75,2.06,GB,1730069007
342,nova vicosa,-17.8919,-39.3719,25.3,78,77,3.03,BR,1730069009
343,diego de almagro,-26.3667,-70.05,22.85,20,0,2.11,CL,1730069010
344,kroya,-7.6331,109.2461,26.54,79,68,2.3,ID,1730068753
345,angaur state,6.906,134.13,28.1,80,100,7.81,PW,1730069012
346,culiacan,24.7994,-107.3897,35.82,44,0,3.09,MX,1730068545
347,narrabri,-30.3167,149.7833,25.29,47,0,2.24,AU,1730069014
348,ola,59.5833,151.2833,-9.12,54,64,5.62,RU,1730069015
349,torghay,49.6339,63.4981,3.47,94,99,5.32,KZ,1730069016
350,nema,57.5067,50.5011,2.3,96,100,0.47,RU,1730069018
351,viborg,56.4532,9.402,7.0,84,78,4.53,DK,1730069019
352,polyarnyy,69.1989,33.4478,5.24,88,100,10.49,RU,1730069020
353,"laikit, laikit ii (dimembe)",1.4792,124.9735,25.47,83,20,0.51,ID,1730069021
354,az zubayr,30.3945,47.7011,20.92,18,0,4.65,IQ,1730069022
355,arraias,-12.9288,-46.9437,24.43,69,74,1.21,BR,1730069023
356,puerto cabezas,14.0351,-83.3888,26.98,94,40,2.06,NI,1730069024
357,jinghong,21.991,100.7341,18.3,99,15,1.13,CN,1730069026
358,basco,20.4487,121.9702,28.04,77,87,7.26,PH,1730069027
359,kitgum,3.2783,32.8867,19.96,92,69,1.0,UG,1730069028
360,susuman,62.7833,148.1667,-17.25,94,100,1.21,RU,1730069029
361,ma'rib,15.4591,45.3253,23.96,38,3,1.52,YE,1730069030
362,mangai,-4.05,19.5333,22.98,81,80,0.69,CD,1730069031
363,imbituba,-28.24,-48.6703,17.94,67,32,2.94,BR,1730069032
364,aykhal,66.0,111.5,-20.99,100,90,2.39,RU,1730069033
365,whittlesea,-32.1759,26.8244,9.14,58,2,12.96,ZA,1730069035
366,beira,-19.8436,34.8389,25.05,69,0,4.63,MZ,1730069037
367,newman,37.3138,-121.0208,26.14,56,100,1.34,US,1730069038
368,puerto san jose,13.9256,-90.8244,28.75,78,70,4.09,GT,1730069039
369,rabigh,22.7986,39.0349,28.06,70,0,2.4,SA,1730069040
370,bhimunipatnam,17.8833,83.4333,25.0,81,18,1.66,IN,1730069041
371,buka,40.8108,69.1986,9.81,77,100,5.5,UZ,1730069044
372,taroa,8.7058,171.2275,28.67,73,18,3.25,MH,1730069045
373,nicoya,10.1483,-85.452,25.5,87,88,3.01,CR,1730069046
374,kantang,7.4054,99.5156,25.05,94,20,0.51,TH,1730069047
375,port augusta,-32.5,137.7667,18.97,35,0,4.78,AU,1730069048
376,miandrivazo,-19.5167,45.4667,26.3,64,18,1.02,MG,1730069050
377,cestos city,5.46,-9.5828,25.59,88,94,2.76,LR,1730069051
378,trail,49.0998,-117.7022,11.51,85,100,0.57,CA,1730069052
379,bikenibeu village,1.3673,173.1241,29.98,74,40,3.09,KI,1730069053
380,papao,-17.75,-149.55,27.82,73,77,6.09,PF,1730069054
381,severo-yeniseyskiy,60.3725,93.0408,-5.79,100,94,0.71,RU,1730069055
382,carqueiranne,43.0953,6.073,18.22,87,0,1.54,FR,1730069056
383,yeed,4.55,43.0333,26.68,66,96,3.15,SO,1730069057
384,barabinsk,55.3571,78.357,3.94,84,100,1.93,RU,1730069059
385,retalhuleu,14.5333,-91.6833,30.38,49,93,1.06,GT,1730069060
386,namsos,64.4662,11.4957,4.95,81,75,5.66,NO,1730069061
387,george town,5.4112,100.3354,25.96,93,20,1.54,MY,1730069062
388,suicheng,33.8963,117.9331,10.23,76,32,2.66,CN,1730069063
389,brisas de zicatela,15.8369,-97.0419,31.29,74,20,3.09,MX,1730069064
390,harstad,68.799,16.5293,5.09,89,93,9.83,NO,1730069065
391,patnanungan,14.7833,122.1833,26.95,76,90,3.34,PH,1730069066
392,chaohu,31.6,117.8667,14.68,86,99,1.6,CN,1730069068
393,punta arenas,-53.15,-70.9167,7.06,76,75,13.38,CL,1730069069
394,minas de marcona,-15.2119,-75.1103,15.12,70,4,5.76,PE,1730069070
395,parintins,-2.6283,-56.7358,29.85,34,91,0.41,BR,1730069071
396,broome,42.2506,-75.833,7.58,50,73,0.67,US,1730069072
397,udaipur,24.5712,73.6918,23.25,39,6,1.1,IN,1730069073
398,achacachi,-16.05,-68.6833,10.04,73,29,5.18,BO,1730069074
399,tazovsky,67.4667,78.7,-3.28,97,100,3.82,RU,1730069076
400,kuanda,56.3161,116.0806,-7.25,97,99,0.3,RU,1730069077
401,mata-utu,-13.2816,-176.1745,27.32,79,96,7.53,WF,1730069078
402,carolina beach,34.0352,-77.8936,16.12,81,100,7.3,US,1730069079
403,berdigestyakh,62.0989,126.6992,-25.22,100,85,0.86,RU,1730069080
404,maridi,4.9158,29.4742,19.97,95,70,0.78,SS,1730069081
405,khandyga,62.6667,135.6,-18.77,95,100,0.36,RU,1730069082
406,remire-montjoly,4.9167,-52.2667,28.02,78,0,3.6,GF,1730069083
407,sault ste. marie,46.5168,-84.3333,7.16,76,100,7.2,CA,1730069085
408,sao joao da barra,-21.6403,-41.0511,22.05,75,100,7.28,BR,1730069086
409,nagornyy,52.7959,83.5498,5.12,79,100,1.41,RU,1730069087
410,smederevo,44.6628,20.93,14.58,51,93,1.88,RS,1730069088
411,la oliva,28.6105,-13.9291,19.66,68,20,6.69,ES,1730069089
412,niquelandia,-14.4739,-48.4597,24.64,73,99,1.18,BR,1730069090
413,ancud,-41.8697,-73.8203,10.96,76,13,1.33,CL,1730069091
414,gobabis,-22.45,18.9667,13.97,22,57,4.69,NA,1730069092
415,monrovia,6.3005,-10.7969,26.0,87,7,2.81,LR,1730069095
416,mananara,-16.1667,49.7667,22.8,95,91,1.22,MG,1730069096
417,xifeng,42.7372,124.7222,1.56,72,3,1.12,CN,1730069097
418,manado,1.487,124.8455,27.43,83,20,0.51,ID,1730069098
419,homer,59.6425,-151.5483,4.47,72,0,2.57,US,1730069099
420,bardai,11.65,7.2333,21.96,30,19,3.38,NG,1730069101
421,ramnagar,29.4,79.1167,20.57,83,0,1.65,IN,1730069102
422,afaahiti,-17.75,-149.2833,23.39,76,88,5.9,PF,1730069103
423,louny,50.357,13.7967,13.03,92,81,4.92,CZ,1730069104
424,okhotsk,59.3833,143.3,-8.75,68,100,5.82,RU,1730069105
425,kagizman,40.1567,43.1342,6.43,58,0,0.9,TR,1730069106
426,kolonia town,6.964,158.206,32.0,70,20,1.54,FM,1730069107
427,alice springs,-23.7,133.8833,24.75,27,0,3.09,AU,1730069108
428,helena valley west central,46.6629,-112.0604,22.49,20,0,7.2,US,1730069110
429,peniche,39.3558,-9.3811,14.56,87,17,4.16,PT,1730069111
430,kurchatov,51.6601,35.6521,6.29,79,45,1.99,RU,1730069112
431,vadso,70.0744,29.7487,6.09,87,75,10.29,NO,1730069113
432,gao,16.6362,1.637,29.25,16,3,3.73,ML,1730069114
433,ligaya,12.6599,120.8923,26.2,86,51,3.76,PH,1730069115
434,weno,7.4515,151.8468,29.97,79,75,2.06,FM,1730069116
435,douz,33.4663,9.0203,23.9,34,100,0.59,TN,1730069117
436,daska kalan,32.3243,74.3497,21.14,56,47,2.34,PK,1730069119
437,meadow lake,34.8014,-106.5436,25.99,24,70,2.22,US,1730069120
438,dubinino,55.6192,89.0911,4.62,78,99,5.78,RU,1730069121
439,rupert,42.6191,-113.6772,21.97,20,0,2.57,US,1730069122
440,omsk,55.0,73.4,3.94,93,75,3.0,RU,1730069123
441,villa gesell,-37.2639,-56.973,16.28,71,82,6.79,AR,1730069124
442,lucapa,-8.4192,20.7447,20.16,85,45,0.78,AO,1730069125
443,guarapari,-20.6667,-40.4975,21.31,91,100,7.17,BR,1730069127
444,zhangye,38.9342,100.4517,8.32,28,43,1.82,CN,1730069128
445,al hazm,16.1641,44.7769,23.97,39,0,3.48,YE,1730069129
446,anar darah,32.7587,61.654,12.96,56,96,6.17,AF,1730069130
447,isangel,-19.55,169.2667,26.24,76,91,6.26,VU,1730069131
448,hunsur,12.3075,76.2878,18.83,89,30,2.17,IN,1730069132
449,port alberni,49.2413,-124.8028,11.6,88,96,2.68,CA,1730069133
450,sao felix do xingu,-6.6447,-51.995,27.27,60,83,0.92,BR,1730069134
451,turtas,58.9417,69.1325,-0.86,95,92,1.06,RU,1730069136
452,ritchie,-29.038,24.6028,7.59,58,2,4.15,ZA,1730069137
453,priargunsk,50.3691,119.1012,-3.31,89,34,0.37,RU,1730069138
454,kalkaman,51.9525,76.0211,7.26,63,100,5.84,KZ,1730069139
455,namibe,-15.1961,12.1522,18.58,84,42,2.63,AO,1730069140
456,howrah,22.5892,88.3103,27.0,89,20,1.54,IN,1730069141
457,bonnyville,54.2668,-110.735,8.38,54,99,5.52,CA,1730069142
458,greymouth,-42.4667,171.2,14.03,58,100,3.8,NZ,1730069143
459,heze,35.2431,115.4411,11.08,89,0,1.79,CN,1730069145
460,fada,7.25,4.0667,23.82,95,50,0.83,NG,1730069146
461,berezovo,63.9381,65.0419,-3.08,92,67,2.27,RU,1730069147
462,forster,-32.1667,152.5167,23.61,42,0,0.39,AU,1730069148
463,sur,22.5667,59.5289,28.56,43,1,3.01,OM,1730069149
464,alpine,32.835,-116.7664,28.54,27,0,3.6,US,1730069096
465,lerwick,60.1545,-1.1494,9.29,80,98,2.79,GB,1730069153
466,howard springs,-12.497,131.047,30.49,73,21,2.3,AU,1730069154
467,gaalkacyo,6.7697,47.4308,25.37,70,98,5.15,SO,1730069155
468,morki,56.4303,48.9947,3.43,92,100,0.6,RU,1730069156
469,kolpny,52.2282,37.0368,7.39,72,100,2.05,RU,1730069157
470,malvan,16.0667,73.4667,25.21,87,5,2.4,IN,1730069158
471,pangkalan brandan,4.0238,98.2782,23.29,95,100,1.42,ID,1730069159
472,richards bay,-28.783,32.0377,21.37,94,82,2.57,ZA,1730069161
473,yaring,6.8662,101.3689,24.87,88,100,3.97,TH,1730069162
474,san luis de la loma,17.2706,-100.8939,28.72,79,0,1.09,MX,1730069163
475,page,36.9147,-111.4558,22.88,30,0,1.54,US,1730069164
476,collie,-33.3667,116.15,12.98,67,0,3.66,AU,1730069165
477,ribas do rio pardo,-20.4431,-53.7592,24.44,73,88,1.5,BR,1730069166
478,kapuskasing,49.4169,-82.4331,1.05,47,40,2.57,CA,1730069167
479,ugoofaaru,5.6667,73.0,28.0,77,100,8.49,MV,1730069168
480,padre paraiso,-17.0742,-41.4844,20.23,96,100,3.24,BR,1730069170
481,muli,2.9167,73.5667,28.13,70,87,7.33,MV,1730069171
482,lesparre-medoc,45.3,-0.9333,12.1,93,12,2.04,FR,1730069172
483,tomatlan,19.9333,-105.25,29.92,64,0,2.03,MX,1730069173
484,iraquara,-12.2486,-41.6194,25.51,41,100,2.67,BR,1730069174
485,ghanzi,-21.5667,21.7833,18.35,16,51,6.07,BW,1730069175
486,trondheim,63.4305,10.3951,5.03,78,92,7.38,NO,1730069176
487,moyynkum,44.2914,72.9469,8.4,76,100,6.69,KZ,1730069178
488,laguna,38.421,-121.4238,25.13,56,0,6.17,US,1730069179
489,watsa,3.0372,29.5355,17.97,98,61,0.57,CD,1730069180
490,conde,-7.2597,-34.9075,25.7,83,20,3.09,BR,1730069181
491,kerema,-7.9631,145.7785,27.49,76,64,2.32,PG,1730069182
492,nadi,-17.8,177.4167,30.0,58,40,2.57,FJ,1730069183
493,kitimat,54.0524,-128.6534,7.17,28,100,0.67,CA,1730069184
494,ciudad lazaro cardenas,17.9583,-102.2,29.19,76,0,4.31,MX,1730069161
495,gazojak,41.1875,61.4036,7.96,55,4,2.75,TM,1730069187
496,alvorada,-12.48,-49.1247,27.04,71,100,0.56,BR,1730069188
497,great falls,47.5002,-111.3008,22.25,16,0,10.8,US,1730069189
498,namest nad oslavou,49.2073,16.1585,11.35,93,0,2.68,CZ,1730069190
499,hotan,37.0997,79.9269,10.66,27,27,1.73,CN,1730069191
500,vernon,50.2581,-119.2691,14.86,43,61,1.79,CA,1730069192
501,atlantic beach,30.3344,-81.3987,26.06,71,40,3.6,US,1730069193
502,fort bragg,35.139,-79.006,14.91,78,100,2.06,US,1730069195
503,trincomalee,8.5711,81.2335,26.9,78,42,6.53,LK,1730069196
504,los alamos,35.8881,-106.307,22.23,31,0,2.06,US,1730069197
505,mitu,1.1983,-70.1733,23.71,98,100,0.94,CO,1730069198
506,plastun,44.7561,136.2939,1.31,77,6,2.36,RU,1730069199
507,patti,31.2808,74.8572,21.74,60,4,2.76,IN,1730069200
508,bandarbeyla,9.4942,50.8122,25.64,87,19,3.41,SO,1730069201
509,new norfolk,-42.7826,147.0587,11.62,49,37,5.14,AU,1730069176
510,alesund,62.4723,6.1549,7.64,71,75,5.14,NO,1730069204
511,huarmey,-10.0681,-78.1522,19.09,79,10,4.55,PE,1730069205
512,najran,17.4924,44.1277,20.36,49,4,2.16,SA,1730069206
513,pointe michel,15.25,-61.3833,28.05,78,61,4.39,DM,1730069207
514,same,-4.0667,37.7333,20.83,90,92,1.44,TZ,1730069208
515,huilong,31.8111,121.655,15.3,90,99,4.38,CN,1730069209
516,port hedland,-20.3167,118.5667,30.03,21,75,3.6,AU,1730069210
517,al burayqah,30.4062,19.5739,21.03,53,0,3.92,LY,1730069211
518,mayqayyng,51.4625,75.7986,8.18,68,100,5.55,KZ,1730069213
519,ulundi,-28.3352,31.4162,20.38,67,69,0.77,ZA,1730069214
520,saint-felicien,48.6501,-72.4491,-0.62,55,75,7.2,CA,1730069215
521,margate,51.3813,1.3862,10.94,90,89,0.45,GB,1730069216
522,darhan,49.4867,105.9228,3.1,76,100,1.32,MN,1730069217
523,el calafate,-50.3408,-72.2768,5.07,89,70,7.27,AR,1730069218
524,victoria point,-27.5833,153.3,21.06,86,100,4.63,AU,1730069219
525,gaiman,-43.2897,-65.4929,19.11,27,0,6.03,AR,1730069220
526,celestun,20.8667,-90.4,27.0,74,87,5.89,MX,1730069222
527,kourou,5.1552,-52.6478,27.11,74,100,5.63,GF,1730069223
528,zeya,53.75,127.2667,-7.2,89,44,1.02,RU,1730069224
529,auki,-8.7676,160.7034,30.45,62,68,1.03,SB,1730069225
530,point pedro,9.8167,80.2333,26.94,81,48,4.56,LK,1730069226
531,romblon,12.5751,122.2708,27.65,69,100,0.64,PH,1730069227
532,tofol,5.3248,163.0078,28.96,68,45,2.17,FM,1730069228
533,konarka,19.9,86.1167,25.14,92,37,3.28,IN,1730069230
534,porto novo,6.4965,2.6036,27.9,88,19,1.81,BJ,1730069231
535,vorkuta,67.5,64.0,-5.76,96,79,1.71,RU,1730069232
536,beloyarskiy,63.7119,66.6722,-2.0,93,94,2.07,RU,1730069234
537,bac lieu,9.285,105.7244,25.39,93,100,4.02,VN,1730069235
538,wau,7.7029,27.9953,24.34,68,37,0.85,SS,1730069236
539,undurkhaan,47.3194,110.6556,2.16,63,100,2.07,MN,1730069237
540,betio village,1.358,172.9211,30.02,71,100,4.82,KI,1730069239
541,hadsund,56.7148,10.1168,6.94,85,70,4.72,DK,1730069240
542,alofi,-19.0595,-169.9187,26.94,69,100,7.2,NU,1730069241
543,kajaani,64.2273,27.7285,8.03,87,100,7.72,FI,1730069242
544,brokopondo,4.75,-55.1667,29.05,59,91,5.89,SR,1730069243
545,atafu village,-8.5421,-172.5159,27.77,73,100,6.34,TK,1730069244
546,isla mujeres,21.2311,-86.731,28.03,76,95,5.68,MX,1730069247
547,arauca,7.0847,-70.7591,30.98,66,20,0.0,CO,1730069248
548,sztum,53.9208,19.0307,11.3,90,39,3.64,PL,1730069249
549,bukoba,-1.3317,31.8122,19.52,85,36,2.94,TZ,1730069250
550,grand falls-windsor,48.9332,-55.6649,2.5,84,14,5.9,CA,1730069251
551,impfondo,1.6381,18.0667,22.33,94,69,1.27,CG,1730069252
552,sitangkai,4.6628,119.3928,28.32,74,99,1.0,PH,1730069253
553,hopelchen,19.7667,-89.85,23.39,96,95,1.2,MX,1730069255
554,constitucion,-35.3333,-72.4167,15.99,75,6,4.96,CL,1730069256
555,kenai,60.5544,-151.2583,1.75,74,0,2.06,US,1730069258
